cifar100,vnncomp2024_benchmarks/benchmarks/cifar100/onnx/CIFAR100_resnet_medium.onnx,vnncomp2024_benchmarks/benchmarks/cifar100/vnnlib/CIFAR100_resnet_medium_prop_idx_3267_sidx_4884_eps_0.0039.vnnlib,2.506693667,unknown,112.178026431
cifar100,vnncomp2024_benchmarks/benchmarks/cifar100/onnx/CIFAR100_resnet_medium.onnx,vnncomp2024_benchmarks/benchmarks/cifar100/vnnlib/CIFAR100_resnet_medium_prop_idx_3965_sidx_688_eps_0.0039.vnnlib,2.493698744,unsat,16.315210913
cifar100,vnncomp2024_benchmarks/benchmarks/cifar100/onnx/CIFAR100_resnet_medium.onnx,vnncomp2024_benchmarks/benchmarks/cifar100/vnnlib/CIFAR100_resnet_medium_prop_idx_8028_sidx_5238_eps_0.0039.vnnlib,2.492949239,sat,6.417172341
cifar100,vnncomp2024_benchmarks/benchmarks/cifar100/onnx/CIFAR100_resnet_medium.onnx,vnncomp2024_benchmarks/benchmarks/cifar100/vnnlib/CIFAR100_resnet_medium_prop_idx_3995_sidx_7978_eps_0.0039.vnnlib,2.496225745,unknown,110.900562379
cifar100,vnncomp2024_benchmarks/benchmarks/cifar100/onnx/CIFAR100_resnet_medium.onnx,vnncomp2024_benchmarks/benchmarks/cifar100/vnnlib/CIFAR100_resnet_medium_prop_idx_8461_sidx_6823_eps_0.0039.vnnlib,2.523736201,unknown,109.869959955
cifar100,vnncomp2024_benchmarks/benchmarks/cifar100/onnx/CIFAR100_resnet_medium.onnx,vnncomp2024_benchmarks/benchmarks/cifar100/vnnlib/CIFAR100_resnet_medium_prop_idx_5961_sidx_9165_eps_0.0039.vnnlib,2.536448929,unknown,109.470174043
cifar100,vnncomp2024_benchmarks/benchmarks/cifar100/onnx/CIFAR100_resnet_medium.onnx,vnncomp2024_benchmarks/benchmarks/cifar100/vnnlib/CIFAR100_resnet_medium_prop_idx_1642_sidx_7494_eps_0.0039.vnnlib,2.526954097,unsat,14.882064121
cifar100,vnncomp2024_benchmarks/benchmarks/cifar100/onnx/CIFAR100_resnet_medium.onnx,vnncomp2024_benchmarks/benchmarks/cifar100/vnnlib/CIFAR100_resnet_medium_prop_idx_4553_sidx_7835_eps_0.0039.vnnlib,2.514477644,unknown,109.943468442
cifar100,vnncomp2024_benchmarks/benchmarks/cifar100/onnx/CIFAR100_resnet_medium.onnx,vnncomp2024_benchmarks/benchmarks/cifar100/vnnlib/CIFAR100_resnet_medium_prop_idx_3921_sidx_9018_eps_0.0039.vnnlib,2.538079492,unknown,110.379662660
cifar100,vnncomp2024_benchmarks/benchmarks/cifar100/onnx/CIFAR100_resnet_medium.onnx,vnncomp2024_benchmarks/benchmarks/cifar100/vnnlib/CIFAR100_resnet_medium_prop_idx_1401_sidx_3081_eps_0.0039.vnnlib,2.528963707,unknown,110.524739820
cifar100,vnncomp2024_benchmarks/benchmarks/cifar100/onnx/CIFAR100_resnet_medium.onnx,vnncomp2024_benchmarks/benchmarks/cifar100/vnnlib/CIFAR100_resnet_medium_prop_idx_251_sidx_5719_eps_0.0039.vnnlib,2.506282599,unknown,110.515356056
cifar100,vnncomp2024_benchmarks/benchmarks/cifar100/onnx/CIFAR100_resnet_medium.onnx,vnncomp2024_benchmarks/benchmarks/cifar100/vnnlib/CIFAR100_resnet_medium_prop_idx_4394_sidx_4782_eps_0.0039.vnnlib,2.496064291,unsat,10.645416884
cifar100,vnncomp2024_benchmarks/benchmarks/cifar100/onnx/CIFAR100_resnet_medium.onnx,vnncomp2024_benchmarks/benchmarks/cifar100/vnnlib/CIFAR100_resnet_medium_prop_idx_8457_sidx_4948_eps_0.0039.vnnlib,2.484984166,sat,6.344289847
cifar100,vnncomp2024_benchmarks/benchmarks/cifar100/onnx/CIFAR100_resnet_medium.onnx,vnncomp2024_benchmarks/benchmarks/cifar100/vnnlib/CIFAR100_resnet_medium_prop_idx_5955_sidx_1517_eps_0.0039.vnnlib,2.480779021,sat,6.430588678
cifar100,vnncomp2024_benchmarks/benchmarks/cifar100/onnx/CIFAR100_resnet_medium.onnx,vnncomp2024_benchmarks/benchmarks/cifar100/vnnlib/CIFAR100_resnet_medium_prop_idx_9140_sidx_5866_eps_0.0039.vnnlib,2.533839618,unknown,110.913556710
cifar100,vnncomp2024_benchmarks/benchmarks/cifar100/onnx/CIFAR100_resnet_medium.onnx,vnncomp2024_benchmarks/benchmarks/cifar100/vnnlib/CIFAR100_resnet_medium_prop_idx_6056_sidx_2919_eps_0.0039.vnnlib,2.524975619,sat,6.435895746
cifar100,vnncomp2024_benchmarks/benchmarks/cifar100/onnx/CIFAR100_resnet_medium.onnx,vnncomp2024_benchmarks/benchmarks/cifar100/vnnlib/CIFAR100_resnet_medium_prop_idx_5230_sidx_242_eps_0.0039.vnnlib,2.478713199,unknown,110.886080195
cifar100,vnncomp2024_benchmarks/benchmarks/cifar100/onnx/CIFAR100_resnet_medium.onnx,vnncomp2024_benchmarks/benchmarks/cifar100/vnnlib/CIFAR100_resnet_medium_prop_idx_8466_sidx_9309_eps_0.0039.vnnlib,2.530049370,unknown,109.755389655
cifar100,vnncomp2024_benchmarks/benchmarks/cifar100/onnx/CIFAR100_resnet_medium.onnx,vnncomp2024_benchmarks/benchmarks/cifar100/vnnlib/CIFAR100_resnet_medium_prop_idx_9280_sidx_3756_eps_0.0039.vnnlib,2.518471479,unknown,108.887340631
cifar100,vnncomp2024_benchmarks/benchmarks/cifar100/onnx/CIFAR100_resnet_medium.onnx,vnncomp2024_benchmarks/benchmarks/cifar100/vnnlib/CIFAR100_resnet_medium_prop_idx_3570_sidx_9004_eps_0.0039.vnnlib,2.526176085,unsat,109.971354066
cifar100,vnncomp2024_benchmarks/benchmarks/cifar100/onnx/CIFAR100_resnet_medium.onnx,vnncomp2024_benchmarks/benchmarks/cifar100/vnnlib/CIFAR100_resnet_medium_prop_idx_9029_sidx_5929_eps_0.0039.vnnlib,2.486849065,sat,6.360793185
cifar100,vnncomp2024_benchmarks/benchmarks/cifar100/onnx/CIFAR100_resnet_medium.onnx,vnncomp2024_benchmarks/benchmarks/cifar100/vnnlib/CIFAR100_resnet_medium_prop_idx_116_sidx_8002_eps_0.0039.vnnlib,2.512337734,sat,6.413394366
cifar100,vnncomp2024_benchmarks/benchmarks/cifar100/onnx/CIFAR100_resnet_medium.onnx,vnncomp2024_benchmarks/benchmarks/cifar100/vnnlib/CIFAR100_resnet_medium_prop_idx_8585_sidx_3963_eps_0.0039.vnnlib,2.490825016,unsat,72.959357055
cifar100,vnncomp2024_benchmarks/benchmarks/cifar100/onnx/CIFAR100_resnet_medium.onnx,vnncomp2024_benchmarks/benchmarks/cifar100/vnnlib/CIFAR100_resnet_medium_prop_idx_5573_sidx_1946_eps_0.0039.vnnlib,2.502318170,unknown,109.518829289
cifar100,vnncomp2024_benchmarks/benchmarks/cifar100/onnx/CIFAR100_resnet_medium.onnx,vnncomp2024_benchmarks/benchmarks/cifar100/vnnlib/CIFAR100_resnet_medium_prop_idx_5160_sidx_9960_eps_0.0039.vnnlib,2.507604138,unknown,108.730406574
cifar100,vnncomp2024_benchmarks/benchmarks/cifar100/onnx/CIFAR100_resnet_medium.onnx,vnncomp2024_benchmarks/benchmarks/cifar100/vnnlib/CIFAR100_resnet_medium_prop_idx_4071_sidx_6244_eps_0.0039.vnnlib,2.474820603,sat,6.484053457
cifar100,vnncomp2024_benchmarks/benchmarks/cifar100/onnx/CIFAR100_resnet_medium.onnx,vnncomp2024_benchmarks/benchmarks/cifar100/vnnlib/CIFAR100_resnet_medium_prop_idx_5657_sidx_262_eps_0.0039.vnnlib,2.479702083,unsat,20.223139954
cifar100,vnncomp2024_benchmarks/benchmarks/cifar100/onnx/CIFAR100_resnet_medium.onnx,vnncomp2024_benchmarks/benchmarks/cifar100/vnnlib/CIFAR100_resnet_medium_prop_idx_2388_sidx_4447_eps_0.0039.vnnlib,2.494358912,unknown,109.867099994
cifar100,vnncomp2024_benchmarks/benchmarks/cifar100/onnx/CIFAR100_resnet_medium.onnx,vnncomp2024_benchmarks/benchmarks/cifar100/vnnlib/CIFAR100_resnet_medium_prop_idx_1862_sidx_1111_eps_0.0039.vnnlib,2.479255634,sat,6.442765746
cifar100,vnncomp2024_benchmarks/benchmarks/cifar100/onnx/CIFAR100_resnet_medium.onnx,vnncomp2024_benchmarks/benchmarks/cifar100/vnnlib/CIFAR100_resnet_medium_prop_idx_3521_sidx_4942_eps_0.0039.vnnlib,2.535824947,unsat,19.499394685
cifar100,vnncomp2024_benchmarks/benchmarks/cifar100/onnx/CIFAR100_resnet_medium.onnx,vnncomp2024_benchmarks/benchmarks/cifar100/vnnlib/CIFAR100_resnet_medium_prop_idx_9620_sidx_2024_eps_0.0039.vnnlib,2.511517532,unknown,109.049611655
cifar100,vnncomp2024_benchmarks/benchmarks/cifar100/onnx/CIFAR100_resnet_medium.onnx,vnncomp2024_benchmarks/benchmarks/cifar100/vnnlib/CIFAR100_resnet_medium_prop_idx_497_sidx_5675_eps_0.0039.vnnlib,2.505615971,sat,6.442517001
cifar100,vnncomp2024_benchmarks/benchmarks/cifar100/onnx/CIFAR100_resnet_medium.onnx,vnncomp2024_benchmarks/benchmarks/cifar100/vnnlib/CIFAR100_resnet_medium_prop_idx_3739_sidx_4756_eps_0.0039.vnnlib,2.518917683,unknown,110.278530738
cifar100,vnncomp2024_benchmarks/benchmarks/cifar100/onnx/CIFAR100_resnet_medium.onnx,vnncomp2024_benchmarks/benchmarks/cifar100/vnnlib/CIFAR100_resnet_medium_prop_idx_7524_sidx_3195_eps_0.0039.vnnlib,2.508481680,unsat,109.384763163
cifar100,vnncomp2024_benchmarks/benchmarks/cifar100/onnx/CIFAR100_resnet_medium.onnx,vnncomp2024_benchmarks/benchmarks/cifar100/vnnlib/CIFAR100_resnet_medium_prop_idx_4626_sidx_3263_eps_0.0039.vnnlib,2.498258941,unsat,12.743150461
cifar100,vnncomp2024_benchmarks/benchmarks/cifar100/onnx/CIFAR100_resnet_medium.onnx,vnncomp2024_benchmarks/benchmarks/cifar100/vnnlib/CIFAR100_resnet_medium_prop_idx_7453_sidx_7766_eps_0.0039.vnnlib,2.481452769,unknown,111.056546385
cifar100,vnncomp2024_benchmarks/benchmarks/cifar100/onnx/CIFAR100_resnet_medium.onnx,vnncomp2024_benchmarks/benchmarks/cifar100/vnnlib/CIFAR100_resnet_medium_prop_idx_8739_sidx_1540_eps_0.0039.vnnlib,2.529707682,unsat,109.096058261
cifar100,vnncomp2024_benchmarks/benchmarks/cifar100/onnx/CIFAR100_resnet_medium.onnx,vnncomp2024_benchmarks/benchmarks/cifar100/vnnlib/CIFAR100_resnet_medium_prop_idx_9325_sidx_1211_eps_0.0039.vnnlib,2.509453101,unknown,109.267206619
cifar100,vnncomp2024_benchmarks/benchmarks/cifar100/onnx/CIFAR100_resnet_medium.onnx,vnncomp2024_benchmarks/benchmarks/cifar100/vnnlib/CIFAR100_resnet_medium_prop_idx_2590_sidx_6558_eps_0.0039.vnnlib,2.515225458,unknown,109.891256509
cifar100,vnncomp2024_benchmarks/benchmarks/cifar100/onnx/CIFAR100_resnet_medium.onnx,vnncomp2024_benchmarks/benchmarks/cifar100/vnnlib/CIFAR100_resnet_medium_prop_idx_8762_sidx_3374_eps_0.0039.vnnlib,2.528141795,unsat,12.723791689
cifar100,vnncomp2024_benchmarks/benchmarks/cifar100/onnx/CIFAR100_resnet_medium.onnx,vnncomp2024_benchmarks/benchmarks/cifar100/vnnlib/CIFAR100_resnet_medium_prop_idx_7074_sidx_2937_eps_0.0039.vnnlib,2.510911504,unsat,23.815298370
cifar100,vnncomp2024_benchmarks/benchmarks/cifar100/onnx/CIFAR100_resnet_medium.onnx,vnncomp2024_benchmarks/benchmarks/cifar100/vnnlib/CIFAR100_resnet_medium_prop_idx_5286_sidx_6796_eps_0.0039.vnnlib,2.516679131,sat,6.396556750
cifar100,vnncomp2024_benchmarks/benchmarks/cifar100/onnx/CIFAR100_resnet_medium.onnx,vnncomp2024_benchmarks/benchmarks/cifar100/vnnlib/CIFAR100_resnet_medium_prop_idx_7477_sidx_2980_eps_0.0039.vnnlib,2.542273613,unsat,16.542136662
cifar100,vnncomp2024_benchmarks/benchmarks/cifar100/onnx/CIFAR100_resnet_medium.onnx,vnncomp2024_benchmarks/benchmarks/cifar100/vnnlib/CIFAR100_resnet_medium_prop_idx_148_sidx_3290_eps_0.0039.vnnlib,2.489221202,unknown,108.844651565
cifar100,vnncomp2024_benchmarks/benchmarks/cifar100/onnx/CIFAR100_resnet_medium.onnx,vnncomp2024_benchmarks/benchmarks/cifar100/vnnlib/CIFAR100_resnet_medium_prop_idx_8596_sidx_596_eps_0.0039.vnnlib,2.531250989,unknown,110.273632879
cifar100,vnncomp2024_benchmarks/benchmarks/cifar100/onnx/CIFAR100_resnet_medium.onnx,vnncomp2024_benchmarks/benchmarks/cifar100/vnnlib/CIFAR100_resnet_medium_prop_idx_5201_sidx_2290_eps_0.0039.vnnlib,2.513661641,unknown,109.992052134
cifar100,vnncomp2024_benchmarks/benchmarks/cifar100/onnx/CIFAR100_resnet_medium.onnx,vnncomp2024_benchmarks/benchmarks/cifar100/vnnlib/CIFAR100_resnet_medium_prop_idx_7089_sidx_5353_eps_0.0039.vnnlib,2.487886495,unsat,10.705159891
cifar100,vnncomp2024_benchmarks/benchmarks/cifar100/onnx/CIFAR100_resnet_medium.onnx,vnncomp2024_benchmarks/benchmarks/cifar100/vnnlib/CIFAR100_resnet_medium_prop_idx_4141_sidx_5393_eps_0.0039.vnnlib,2.508475965,sat,6.451872907
cifar100,vnncomp2024_benchmarks/benchmarks/cifar100/onnx/CIFAR100_resnet_medium.onnx,vnncomp2024_benchmarks/benchmarks/cifar100/vnnlib/CIFAR100_resnet_medium_prop_idx_5185_sidx_142_eps_0.0039.vnnlib,2.534167428,unknown,110.343526940
cifar100,vnncomp2024_benchmarks/benchmarks/cifar100/onnx/CIFAR100_resnet_medium.onnx,vnncomp2024_benchmarks/benchmarks/cifar100/vnnlib/CIFAR100_resnet_medium_prop_idx_4956_sidx_2452_eps_0.0039.vnnlib,2.476687848,unknown,110.060630548
cifar100,vnncomp2024_benchmarks/benchmarks/cifar100/onnx/CIFAR100_resnet_medium.onnx,vnncomp2024_benchmarks/benchmarks/cifar100/vnnlib/CIFAR100_resnet_medium_prop_idx_8091_sidx_4915_eps_0.0039.vnnlib,2.480350142,unknown,110.800498021
cifar100,vnncomp2024_benchmarks/benchmarks/cifar100/onnx/CIFAR100_resnet_medium.onnx,vnncomp2024_benchmarks/benchmarks/cifar100/vnnlib/CIFAR100_resnet_medium_prop_idx_1208_sidx_4993_eps_0.0039.vnnlib,2.516626990,sat,6.416314102
cifar100,vnncomp2024_benchmarks/benchmarks/cifar100/onnx/CIFAR100_resnet_medium.onnx,vnncomp2024_benchmarks/benchmarks/cifar100/vnnlib/CIFAR100_resnet_medium_prop_idx_2753_sidx_3773_eps_0.0039.vnnlib,2.504278510,unknown,110.728355183
cifar100,vnncomp2024_benchmarks/benchmarks/cifar100/onnx/CIFAR100_resnet_medium.onnx,vnncomp2024_benchmarks/benchmarks/cifar100/vnnlib/CIFAR100_resnet_medium_prop_idx_469_sidx_6589_eps_0.0039.vnnlib,2.531824241,unsat,71.441573607
cifar100,vnncomp2024_benchmarks/benchmarks/cifar100/onnx/CIFAR100_resnet_medium.onnx,vnncomp2024_benchmarks/benchmarks/cifar100/vnnlib/CIFAR100_resnet_medium_prop_idx_7218_sidx_5543_eps_0.0039.vnnlib,2.489507509,sat,6.395624831
cifar100,vnncomp2024_benchmarks/benchmarks/cifar100/onnx/CIFAR100_resnet_medium.onnx,vnncomp2024_benchmarks/benchmarks/cifar100/vnnlib/CIFAR100_resnet_medium_prop_idx_3673_sidx_32_eps_0.0039.vnnlib,2.506690118,sat,6.479096584
cifar100,vnncomp2024_benchmarks/benchmarks/cifar100/onnx/CIFAR100_resnet_medium.onnx,vnncomp2024_benchmarks/benchmarks/cifar100/vnnlib/CIFAR100_resnet_medium_prop_idx_7005_sidx_2776_eps_0.0039.vnnlib,2.518866527,unsat,108.908465836
cifar100,vnncomp2024_benchmarks/benchmarks/cifar100/onnx/CIFAR100_resnet_medium.onnx,vnncomp2024_benchmarks/benchmarks/cifar100/vnnlib/CIFAR100_resnet_medium_prop_idx_1933_sidx_9361_eps_0.0039.vnnlib,2.510343625,unsat,10.766717635
cifar100,vnncomp2024_benchmarks/benchmarks/cifar100/onnx/CIFAR100_resnet_medium.onnx,vnncomp2024_benchmarks/benchmarks/cifar100/vnnlib/CIFAR100_resnet_medium_prop_idx_3443_sidx_918_eps_0.0039.vnnlib,2.494218137,unknown,110.612050215
cifar100,vnncomp2024_benchmarks/benchmarks/cifar100/onnx/CIFAR100_resnet_medium.onnx,vnncomp2024_benchmarks/benchmarks/cifar100/vnnlib/CIFAR100_resnet_medium_prop_idx_3755_sidx_9645_eps_0.0039.vnnlib,2.486285625,unsat,10.711314288
cifar100,vnncomp2024_benchmarks/benchmarks/cifar100/onnx/CIFAR100_resnet_medium.onnx,vnncomp2024_benchmarks/benchmarks/cifar100/vnnlib/CIFAR100_resnet_medium_prop_idx_3717_sidx_7096_eps_0.0039.vnnlib,2.516702984,sat,6.440746539
cifar100,vnncomp2024_benchmarks/benchmarks/cifar100/onnx/CIFAR100_resnet_medium.onnx,vnncomp2024_benchmarks/benchmarks/cifar100/vnnlib/CIFAR100_resnet_medium_prop_idx_9984_sidx_5390_eps_0.0039.vnnlib,2.496501203,unsat,75.107887811
cifar100,vnncomp2024_benchmarks/benchmarks/cifar100/onnx/CIFAR100_resnet_medium.onnx,vnncomp2024_benchmarks/benchmarks/cifar100/vnnlib/CIFAR100_resnet_medium_prop_idx_6583_sidx_8860_eps_0.0039.vnnlib,2.512829144,unknown,109.748541120
cifar100,vnncomp2024_benchmarks/benchmarks/cifar100/onnx/CIFAR100_resnet_medium.onnx,vnncomp2024_benchmarks/benchmarks/cifar100/vnnlib/CIFAR100_resnet_medium_prop_idx_3106_sidx_622_eps_0.0039.vnnlib,2.525699817,unknown,109.355784250
cifar100,vnncomp2024_benchmarks/benchmarks/cifar100/onnx/CIFAR100_resnet_medium.onnx,vnncomp2024_benchmarks/benchmarks/cifar100/vnnlib/CIFAR100_resnet_medium_prop_idx_8265_sidx_5360_eps_0.0039.vnnlib,2.489077143,unsat,39.612677875
cifar100,vnncomp2024_benchmarks/benchmarks/cifar100/onnx/CIFAR100_resnet_medium.onnx,vnncomp2024_benchmarks/benchmarks/cifar100/vnnlib/CIFAR100_resnet_medium_prop_idx_6086_sidx_4047_eps_0.0039.vnnlib,2.516738695,unknown,110.204700448
cifar100,vnncomp2024_benchmarks/benchmarks/cifar100/onnx/CIFAR100_resnet_medium.onnx,vnncomp2024_benchmarks/benchmarks/cifar100/vnnlib/CIFAR100_resnet_medium_prop_idx_5228_sidx_8900_eps_0.0039.vnnlib,2.486305536,unsat,109.711016561
cifar100,vnncomp2024_benchmarks/benchmarks/cifar100/onnx/CIFAR100_resnet_medium.onnx,vnncomp2024_benchmarks/benchmarks/cifar100/vnnlib/CIFAR100_resnet_medium_prop_idx_4063_sidx_8348_eps_0.0039.vnnlib,2.548508460,unsat,82.124751799
cifar100,vnncomp2024_benchmarks/benchmarks/cifar100/onnx/CIFAR100_resnet_medium.onnx,vnncomp2024_benchmarks/benchmarks/cifar100/vnnlib/CIFAR100_resnet_medium_prop_idx_5857_sidx_1511_eps_0.0039.vnnlib,2.498807909,unsat,20.423125466
cifar100,vnncomp2024_benchmarks/benchmarks/cifar100/onnx/CIFAR100_resnet_medium.onnx,vnncomp2024_benchmarks/benchmarks/cifar100/vnnlib/CIFAR100_resnet_medium_prop_idx_3594_sidx_2945_eps_0.0039.vnnlib,2.515995888,unsat,22.957936800
cifar100,vnncomp2024_benchmarks/benchmarks/cifar100/onnx/CIFAR100_resnet_medium.onnx,vnncomp2024_benchmarks/benchmarks/cifar100/vnnlib/CIFAR100_resnet_medium_prop_idx_5354_sidx_5944_eps_0.0039.vnnlib,2.519071581,unknown,109.886321836
cifar100,vnncomp2024_benchmarks/benchmarks/cifar100/onnx/CIFAR100_resnet_medium.onnx,vnncomp2024_benchmarks/benchmarks/cifar100/vnnlib/CIFAR100_resnet_medium_prop_idx_4345_sidx_421_eps_0.0039.vnnlib,2.511562213,unknown,109.734308478
cifar100,vnncomp2024_benchmarks/benchmarks/cifar100/onnx/CIFAR100_resnet_medium.onnx,vnncomp2024_benchmarks/benchmarks/cifar100/vnnlib/CIFAR100_resnet_medium_prop_idx_118_sidx_7476_eps_0.0039.vnnlib,2.524723550,unsat,10.876515803
cifar100,vnncomp2024_benchmarks/benchmarks/cifar100/onnx/CIFAR100_resnet_medium.onnx,vnncomp2024_benchmarks/benchmarks/cifar100/vnnlib/CIFAR100_resnet_medium_prop_idx_8019_sidx_9341_eps_0.0039.vnnlib,2.515673536,unknown,109.454030151
cifar100,vnncomp2024_benchmarks/benchmarks/cifar100/onnx/CIFAR100_resnet_medium.onnx,vnncomp2024_benchmarks/benchmarks/cifar100/vnnlib/CIFAR100_resnet_medium_prop_idx_8757_sidx_781_eps_0.0039.vnnlib,2.524642409,unsat,20.480410248
cifar100,vnncomp2024_benchmarks/benchmarks/cifar100/onnx/CIFAR100_resnet_medium.onnx,vnncomp2024_benchmarks/benchmarks/cifar100/vnnlib/CIFAR100_resnet_medium_prop_idx_5730_sidx_4116_eps_0.0039.vnnlib,2.504753035,unknown,110.181010591
cifar100,vnncomp2024_benchmarks/benchmarks/cifar100/onnx/CIFAR100_resnet_medium.onnx,vnncomp2024_benchmarks/benchmarks/cifar100/vnnlib/CIFAR100_resnet_medium_prop_idx_955_sidx_7389_eps_0.0039.vnnlib,2.517671098,unknown,111.279920200
cifar100,vnncomp2024_benchmarks/benchmarks/cifar100/onnx/CIFAR100_resnet_medium.onnx,vnncomp2024_benchmarks/benchmarks/cifar100/vnnlib/CIFAR100_resnet_medium_prop_idx_3373_sidx_5926_eps_0.0039.vnnlib,2.487813301,unsat,110.670209842
cifar100,vnncomp2024_benchmarks/benchmarks/cifar100/onnx/CIFAR100_resnet_medium.onnx,vnncomp2024_benchmarks/benchmarks/cifar100/vnnlib/CIFAR100_resnet_medium_prop_idx_1823_sidx_2050_eps_0.0039.vnnlib,2.515555715,unknown,108.853576598
cifar100,vnncomp2024_benchmarks/benchmarks/cifar100/onnx/CIFAR100_resnet_medium.onnx,vnncomp2024_benchmarks/benchmarks/cifar100/vnnlib/CIFAR100_resnet_medium_prop_idx_9179_sidx_92_eps_0.0039.vnnlib,2.503513470,unknown,109.782187495
cifar100,vnncomp2024_benchmarks/benchmarks/cifar100/onnx/CIFAR100_resnet_medium.onnx,vnncomp2024_benchmarks/benchmarks/cifar100/vnnlib/CIFAR100_resnet_medium_prop_idx_3767_sidx_7124_eps_0.0039.vnnlib,2.529277673,sat,6.375193028
cifar100,vnncomp2024_benchmarks/benchmarks/cifar100/onnx/CIFAR100_resnet_medium.onnx,vnncomp2024_benchmarks/benchmarks/cifar100/vnnlib/CIFAR100_resnet_medium_prop_idx_7297_sidx_9532_eps_0.0039.vnnlib,2.479297488,unknown,109.898849369
cifar100,vnncomp2024_benchmarks/benchmarks/cifar100/onnx/CIFAR100_resnet_medium.onnx,vnncomp2024_benchmarks/benchmarks/cifar100/vnnlib/CIFAR100_resnet_medium_prop_idx_8114_sidx_3076_eps_0.0039.vnnlib,2.484718279,unsat,16.420977683
cifar100,vnncomp2024_benchmarks/benchmarks/cifar100/onnx/CIFAR100_resnet_medium.onnx,vnncomp2024_benchmarks/benchmarks/cifar100/vnnlib/CIFAR100_resnet_medium_prop_idx_7513_sidx_8337_eps_0.0039.vnnlib,2.506907679,unsat,16.467032346
cifar100,vnncomp2024_benchmarks/benchmarks/cifar100/onnx/CIFAR100_resnet_medium.onnx,vnncomp2024_benchmarks/benchmarks/cifar100/vnnlib/CIFAR100_resnet_medium_prop_idx_5339_sidx_9521_eps_0.0039.vnnlib,2.487159088,unknown,110.178573178
cifar100,vnncomp2024_benchmarks/benchmarks/cifar100/onnx/CIFAR100_resnet_medium.onnx,vnncomp2024_benchmarks/benchmarks/cifar100/vnnlib/CIFAR100_resnet_medium_prop_idx_838_sidx_9914_eps_0.0039.vnnlib,2.479235176,unknown,109.586434783
cifar100,vnncomp2024_benchmarks/benchmarks/cifar100/onnx/CIFAR100_resnet_medium.onnx,vnncomp2024_benchmarks/benchmarks/cifar100/vnnlib/CIFAR100_resnet_medium_prop_idx_5344_sidx_7738_eps_0.0039.vnnlib,2.490583394,unknown,111.483066616
cifar100,vnncomp2024_benchmarks/benchmarks/cifar100/onnx/CIFAR100_resnet_medium.onnx,vnncomp2024_benchmarks/benchmarks/cifar100/vnnlib/CIFAR100_resnet_medium_prop_idx_9080_sidx_2243_eps_0.0039.vnnlib,2.543171176,unknown,109.189917941
cifar100,vnncomp2024_benchmarks/benchmarks/cifar100/onnx/CIFAR100_resnet_medium.onnx,vnncomp2024_benchmarks/benchmarks/cifar100/vnnlib/CIFAR100_resnet_medium_prop_idx_3782_sidx_1103_eps_0.0039.vnnlib,2.475428718,unknown,108.954000319
cifar100,vnncomp2024_benchmarks/benchmarks/cifar100/onnx/CIFAR100_resnet_medium.onnx,vnncomp2024_benchmarks/benchmarks/cifar100/vnnlib/CIFAR100_resnet_medium_prop_idx_2256_sidx_8731_eps_0.0039.vnnlib,2.496130706,unknown,110.829731574
cifar100,vnncomp2024_benchmarks/benchmarks/cifar100/onnx/CIFAR100_resnet_medium.onnx,vnncomp2024_benchmarks/benchmarks/cifar100/vnnlib/CIFAR100_resnet_medium_prop_idx_509_sidx_3899_eps_0.0039.vnnlib,2.507721300,unknown,109.922154782
cifar100,vnncomp2024_benchmarks/benchmarks/cifar100/onnx/CIFAR100_resnet_medium.onnx,vnncomp2024_benchmarks/benchmarks/cifar100/vnnlib/CIFAR100_resnet_medium_prop_idx_3150_sidx_4654_eps_0.0039.vnnlib,2.527594552,unknown,110.781431737
cifar100,vnncomp2024_benchmarks/benchmarks/cifar100/onnx/CIFAR100_resnet_medium.onnx,vnncomp2024_benchmarks/benchmarks/cifar100/vnnlib/CIFAR100_resnet_medium_prop_idx_5588_sidx_9250_eps_0.0039.vnnlib,2.494188657,unknown,110.835512749
cifar100,vnncomp2024_benchmarks/benchmarks/cifar100/onnx/CIFAR100_resnet_medium.onnx,vnncomp2024_benchmarks/benchmarks/cifar100/vnnlib/CIFAR100_resnet_medium_prop_idx_6994_sidx_2409_eps_0.0039.vnnlib,2.514936836,unknown,109.442778439
cifar100,vnncomp2024_benchmarks/benchmarks/cifar100/onnx/CIFAR100_resnet_medium.onnx,vnncomp2024_benchmarks/benchmarks/cifar100/vnnlib/CIFAR100_resnet_medium_prop_idx_1190_sidx_8846_eps_0.0039.vnnlib,2.550589810,unknown,111.435071925
cifar100,vnncomp2024_benchmarks/benchmarks/cifar100/onnx/CIFAR100_resnet_medium.onnx,vnncomp2024_benchmarks/benchmarks/cifar100/vnnlib/CIFAR100_resnet_medium_prop_idx_6883_sidx_2245_eps_0.0039.vnnlib,2.516071031,unknown,109.125862518
cifar100,vnncomp2024_benchmarks/benchmarks/cifar100/onnx/CIFAR100_resnet_medium.onnx,vnncomp2024_benchmarks/benchmarks/cifar100/vnnlib/CIFAR100_resnet_medium_prop_idx_8196_sidx_3864_eps_0.0039.vnnlib,2.521639951,unknown,108.907474618
cifar100,vnncomp2024_benchmarks/benchmarks/cifar100/onnx/CIFAR100_resnet_medium.onnx,vnncomp2024_benchmarks/benchmarks/cifar100/vnnlib/CIFAR100_resnet_medium_prop_idx_7860_sidx_3471_eps_0.0039.vnnlib,2.493227106,unsat,17.992287135
cifar100,vnncomp2024_benchmarks/benchmarks/cifar100/onnx/CIFAR100_resnet_medium.onnx,vnncomp2024_benchmarks/benchmarks/cifar100/vnnlib/CIFAR100_resnet_medium_prop_idx_4429_sidx_1471_eps_0.0039.vnnlib,2.472178306,unsat,10.641169819
cifar100,vnncomp2024_benchmarks/benchmarks/cifar100/onnx/CIFAR100_resnet_medium.onnx,vnncomp2024_benchmarks/benchmarks/cifar100/vnnlib/CIFAR100_resnet_medium_prop_idx_2640_sidx_6925_eps_0.0039.vnnlib,2.475976053,sat,6.395740211
cifar100,vnncomp2024_benchmarks/benchmarks/cifar100/onnx/CIFAR100_resnet_large.onnx,vnncomp2024_benchmarks/benchmarks/cifar100/vnnlib/CIFAR100_resnet_large_prop_idx_9029_sidx_5929_eps_0.0039.vnnlib,2.644293086,unknown,109.307720544
cifar100,vnncomp2024_benchmarks/benchmarks/cifar100/onnx/CIFAR100_resnet_large.onnx,vnncomp2024_benchmarks/benchmarks/cifar100/vnnlib/CIFAR100_resnet_large_prop_idx_3460_sidx_302_eps_0.0039.vnnlib,2.578358812,unsat,15.750798835
cifar100,vnncomp2024_benchmarks/benchmarks/cifar100/onnx/CIFAR100_resnet_large.onnx,vnncomp2024_benchmarks/benchmarks/cifar100/vnnlib/CIFAR100_resnet_large_prop_idx_8527_sidx_8452_eps_0.0039.vnnlib,2.574277012,unknown,114.559539891
cifar100,vnncomp2024_benchmarks/benchmarks/cifar100/onnx/CIFAR100_resnet_large.onnx,vnncomp2024_benchmarks/benchmarks/cifar100/vnnlib/CIFAR100_resnet_large_prop_idx_7643_sidx_608_eps_0.0039.vnnlib,2.592057235,unsat,20.793554148
cifar100,vnncomp2024_benchmarks/benchmarks/cifar100/onnx/CIFAR100_resnet_large.onnx,vnncomp2024_benchmarks/benchmarks/cifar100/vnnlib/CIFAR100_resnet_large_prop_idx_2575_sidx_1066_eps_0.0039.vnnlib,2.599201547,unknown,114.522219817
cifar100,vnncomp2024_benchmarks/benchmarks/cifar100/onnx/CIFAR100_resnet_large.onnx,vnncomp2024_benchmarks/benchmarks/cifar100/vnnlib/CIFAR100_resnet_large_prop_idx_7040_sidx_7018_eps_0.0039.vnnlib,2.605334500,unsat,16.752184427
cifar100,vnncomp2024_benchmarks/benchmarks/cifar100/onnx/CIFAR100_resnet_large.onnx,vnncomp2024_benchmarks/benchmarks/cifar100/vnnlib/CIFAR100_resnet_large_prop_idx_8476_sidx_3906_eps_0.0039.vnnlib,2.632140194,unknown,112.997372850
cifar100,vnncomp2024_benchmarks/benchmarks/cifar100/onnx/CIFAR100_resnet_large.onnx,vnncomp2024_benchmarks/benchmarks/cifar100/vnnlib/CIFAR100_resnet_large_prop_idx_6280_sidx_9990_eps_0.0039.vnnlib,2.573580437,unsat,80.432411653
cifar100,vnncomp2024_benchmarks/benchmarks/cifar100/onnx/CIFAR100_resnet_large.onnx,vnncomp2024_benchmarks/benchmarks/cifar100/vnnlib/CIFAR100_resnet_large_prop_idx_1518_sidx_2289_eps_0.0039.vnnlib,2.573707022,unknown,113.435029049
cifar100,vnncomp2024_benchmarks/benchmarks/cifar100/onnx/CIFAR100_resnet_large.onnx,vnncomp2024_benchmarks/benchmarks/cifar100/vnnlib/CIFAR100_resnet_large_prop_idx_5525_sidx_5598_eps_0.0039.vnnlib,2.630430139,unsat,30.526850891
cifar100,vnncomp2024_benchmarks/benchmarks/cifar100/onnx/CIFAR100_resnet_large.onnx,vnncomp2024_benchmarks/benchmarks/cifar100/vnnlib/CIFAR100_resnet_large_prop_idx_5130_sidx_3546_eps_0.0039.vnnlib,2.572947707,unknown,109.415815326
cifar100,vnncomp2024_benchmarks/benchmarks/cifar100/onnx/CIFAR100_resnet_large.onnx,vnncomp2024_benchmarks/benchmarks/cifar100/vnnlib/CIFAR100_resnet_large_prop_idx_6919_sidx_325_eps_0.0039.vnnlib,2.623720664,unknown,114.958356540
cifar100,vnncomp2024_benchmarks/benchmarks/cifar100/onnx/CIFAR100_resnet_large.onnx,vnncomp2024_benchmarks/benchmarks/cifar100/vnnlib/CIFAR100_resnet_large_prop_idx_7123_sidx_8055_eps_0.0039.vnnlib,2.610876026,unknown,116.366960777
cifar100,vnncomp2024_benchmarks/benchmarks/cifar100/onnx/CIFAR100_resnet_large.onnx,vnncomp2024_benchmarks/benchmarks/cifar100/vnnlib/CIFAR100_resnet_large_prop_idx_9227_sidx_31_eps_0.0039.vnnlib,2.612673103,unsat,14.708286252
cifar100,vnncomp2024_benchmarks/benchmarks/cifar100/onnx/CIFAR100_resnet_large.onnx,vnncomp2024_benchmarks/benchmarks/cifar100/vnnlib/CIFAR100_resnet_large_prop_idx_7661_sidx_9992_eps_0.0039.vnnlib,2.630366797,unknown,110.610762694
cifar100,vnncomp2024_benchmarks/benchmarks/cifar100/onnx/CIFAR100_resnet_large.onnx,vnncomp2024_benchmarks/benchmarks/cifar100/vnnlib/CIFAR100_resnet_large_prop_idx_6653_sidx_8255_eps_0.0039.vnnlib,2.570817704,unsat,109.683023946
cifar100,vnncomp2024_benchmarks/benchmarks/cifar100/onnx/CIFAR100_resnet_large.onnx,vnncomp2024_benchmarks/benchmarks/cifar100/vnnlib/CIFAR100_resnet_large_prop_idx_9550_sidx_3717_eps_0.0039.vnnlib,2.589286464,unknown,113.547941801
cifar100,vnncomp2024_benchmarks/benchmarks/cifar100/onnx/CIFAR100_resnet_large.onnx,vnncomp2024_benchmarks/benchmarks/cifar100/vnnlib/CIFAR100_resnet_large_prop_idx_4517_sidx_7350_eps_0.0039.vnnlib,2.610721923,unsat,16.414726092
cifar100,vnncomp2024_benchmarks/benchmarks/cifar100/onnx/CIFAR100_resnet_large.onnx,vnncomp2024_benchmarks/benchmarks/cifar100/vnnlib/CIFAR100_resnet_large_prop_idx_3858_sidx_134_eps_0.0039.vnnlib,2.604481119,unknown,113.476738659
cifar100,vnncomp2024_benchmarks/benchmarks/cifar100/onnx/CIFAR100_resnet_large.onnx,vnncomp2024_benchmarks/benchmarks/cifar100/vnnlib/CIFAR100_resnet_large_prop_idx_4554_sidx_1198_eps_0.0039.vnnlib,2.587978698,unknown,114.993745078
cifar100,vnncomp2024_benchmarks/benchmarks/cifar100/onnx/CIFAR100_resnet_large.onnx,vnncomp2024_benchmarks/benchmarks/cifar100/vnnlib/CIFAR100_resnet_large_prop_idx_4535_sidx_3722_eps_0.0039.vnnlib,2.573605896,unsat,94.464020273
cifar100,vnncomp2024_benchmarks/benchmarks/cifar100/onnx/CIFAR100_resnet_large.onnx,vnncomp2024_benchmarks/benchmarks/cifar100/vnnlib/CIFAR100_resnet_large_prop_idx_2952_sidx_6665_eps_0.0039.vnnlib,2.600920287,unknown,112.276746381
cifar100,vnncomp2024_benchmarks/benchmarks/cifar100/onnx/CIFAR100_resnet_large.onnx,vnncomp2024_benchmarks/benchmarks/cifar100/vnnlib/CIFAR100_resnet_large_prop_idx_2271_sidx_2309_eps_0.0039.vnnlib,2.592756011,unknown,109.160464922
cifar100,vnncomp2024_benchmarks/benchmarks/cifar100/onnx/CIFAR100_resnet_large.onnx,vnncomp2024_benchmarks/benchmarks/cifar100/vnnlib/CIFAR100_resnet_large_prop_idx_6697_sidx_6799_eps_0.0039.vnnlib,2.638080615,unknown,113.243213555
cifar100,vnncomp2024_benchmarks/benchmarks/cifar100/onnx/CIFAR100_resnet_large.onnx,vnncomp2024_benchmarks/benchmarks/cifar100/vnnlib/CIFAR100_resnet_large_prop_idx_7871_sidx_6435_eps_0.0039.vnnlib,2.605477868,unknown,110.083892822
cifar100,vnncomp2024_benchmarks/benchmarks/cifar100/onnx/CIFAR100_resnet_large.onnx,vnncomp2024_benchmarks/benchmarks/cifar100/vnnlib/CIFAR100_resnet_large_prop_idx_1645_sidx_4955_eps_0.0039.vnnlib,2.595665219,unknown,109.377293007
cifar100,vnncomp2024_benchmarks/benchmarks/cifar100/onnx/CIFAR100_resnet_large.onnx,vnncomp2024_benchmarks/benchmarks/cifar100/vnnlib/CIFAR100_resnet_large_prop_idx_3596_sidx_5616_eps_0.0039.vnnlib,2.590904374,unknown,116.482587257
cifar100,vnncomp2024_benchmarks/benchmarks/cifar100/onnx/CIFAR100_resnet_large.onnx,vnncomp2024_benchmarks/benchmarks/cifar100/vnnlib/CIFAR100_resnet_large_prop_idx_6983_sidx_607_eps_0.0039.vnnlib,2.582641608,unknown,111.675345213
cifar100,vnncomp2024_benchmarks/benchmarks/cifar100/onnx/CIFAR100_resnet_large.onnx,vnncomp2024_benchmarks/benchmarks/cifar100/vnnlib/CIFAR100_resnet_large_prop_idx_3324_sidx_1343_eps_0.0039.vnnlib,2.629303928,unsat,112.075998995
cifar100,vnncomp2024_benchmarks/benchmarks/cifar100/onnx/CIFAR100_resnet_large.onnx,vnncomp2024_benchmarks/benchmarks/cifar100/vnnlib/CIFAR100_resnet_large_prop_idx_5346_sidx_2357_eps_0.0039.vnnlib,2.600425280,sat,6.526455644
cifar100,vnncomp2024_benchmarks/benchmarks/cifar100/onnx/CIFAR100_resnet_large.onnx,vnncomp2024_benchmarks/benchmarks/cifar100/vnnlib/CIFAR100_resnet_large_prop_idx_4576_sidx_8179_eps_0.0039.vnnlib,2.616222350,unknown,112.298847296
cifar100,vnncomp2024_benchmarks/benchmarks/cifar100/onnx/CIFAR100_resnet_large.onnx,vnncomp2024_benchmarks/benchmarks/cifar100/vnnlib/CIFAR100_resnet_large_prop_idx_7038_sidx_3035_eps_0.0039.vnnlib,2.597431219,unknown,114.016067091
cifar100,vnncomp2024_benchmarks/benchmarks/cifar100/onnx/CIFAR100_resnet_large.onnx,vnncomp2024_benchmarks/benchmarks/cifar100/vnnlib/CIFAR100_resnet_large_prop_idx_5716_sidx_7874_eps_0.0039.vnnlib,2.571405655,unsat,22.285707249
cifar100,vnncomp2024_benchmarks/benchmarks/cifar100/onnx/CIFAR100_resnet_large.onnx,vnncomp2024_benchmarks/benchmarks/cifar100/vnnlib/CIFAR100_resnet_large_prop_idx_2479_sidx_2028_eps_0.0039.vnnlib,2.611613307,unknown,111.421028128
cifar100,vnncomp2024_benchmarks/benchmarks/cifar100/onnx/CIFAR100_resnet_large.onnx,vnncomp2024_benchmarks/benchmarks/cifar100/vnnlib/CIFAR100_resnet_large_prop_idx_4319_sidx_2120_eps_0.0039.vnnlib,2.635626891,unsat,110.158715493
cifar100,vnncomp2024_benchmarks/benchmarks/cifar100/onnx/CIFAR100_resnet_large.onnx,vnncomp2024_benchmarks/benchmarks/cifar100/vnnlib/CIFAR100_resnet_large_prop_idx_2452_sidx_2953_eps_0.0039.vnnlib,2.574759252,unsat,13.585994283
cifar100,vnncomp2024_benchmarks/benchmarks/cifar100/onnx/CIFAR100_resnet_large.onnx,vnncomp2024_benchmarks/benchmarks/cifar100/vnnlib/CIFAR100_resnet_large_prop_idx_9443_sidx_9318_eps_0.0039.vnnlib,2.608700217,unsat,17.353465185
cifar100,vnncomp2024_benchmarks/benchmarks/cifar100/onnx/CIFAR100_resnet_large.onnx,vnncomp2024_benchmarks/benchmarks/cifar100/vnnlib/CIFAR100_resnet_large_prop_idx_1256_sidx_9401_eps_0.0039.vnnlib,2.583936107,unknown,114.821342315
cifar100,vnncomp2024_benchmarks/benchmarks/cifar100/onnx/CIFAR100_resnet_large.onnx,vnncomp2024_benchmarks/benchmarks/cifar100/vnnlib/CIFAR100_resnet_large_prop_idx_3133_sidx_2042_eps_0.0039.vnnlib,2.629130110,unknown,110.588702361
cifar100,vnncomp2024_benchmarks/benchmarks/cifar100/onnx/CIFAR100_resnet_large.onnx,vnncomp2024_benchmarks/benchmarks/cifar100/vnnlib/CIFAR100_resnet_large_prop_idx_3484_sidx_1686_eps_0.0039.vnnlib,2.614134167,unknown,114.963334562
cifar100,vnncomp2024_benchmarks/benchmarks/cifar100/onnx/CIFAR100_resnet_large.onnx,vnncomp2024_benchmarks/benchmarks/cifar100/vnnlib/CIFAR100_resnet_large_prop_idx_8391_sidx_4670_eps_0.0039.vnnlib,2.621010957,unsat,44.916391888
cifar100,vnncomp2024_benchmarks/benchmarks/cifar100/onnx/CIFAR100_resnet_large.onnx,vnncomp2024_benchmarks/benchmarks/cifar100/vnnlib/CIFAR100_resnet_large_prop_idx_7034_sidx_4129_eps_0.0039.vnnlib,2.607038033,unknown,109.887109351
cifar100,vnncomp2024_benchmarks/benchmarks/cifar100/onnx/CIFAR100_resnet_large.onnx,vnncomp2024_benchmarks/benchmarks/cifar100/vnnlib/CIFAR100_resnet_large_prop_idx_2090_sidx_766_eps_0.0039.vnnlib,2.570763850,unsat,16.091355930
cifar100,vnncomp2024_benchmarks/benchmarks/cifar100/onnx/CIFAR100_resnet_large.onnx,vnncomp2024_benchmarks/benchmarks/cifar100/vnnlib/CIFAR100_resnet_large_prop_idx_3351_sidx_3809_eps_0.0039.vnnlib,2.602520895,unknown,109.750719127
cifar100,vnncomp2024_benchmarks/benchmarks/cifar100/onnx/CIFAR100_resnet_large.onnx,vnncomp2024_benchmarks/benchmarks/cifar100/vnnlib/CIFAR100_resnet_large_prop_idx_7187_sidx_4191_eps_0.0039.vnnlib,2.594379160,unknown,109.335088714
cifar100,vnncomp2024_benchmarks/benchmarks/cifar100/onnx/CIFAR100_resnet_large.onnx,vnncomp2024_benchmarks/benchmarks/cifar100/vnnlib/CIFAR100_resnet_large_prop_idx_1724_sidx_7463_eps_0.0039.vnnlib,2.575680210,unknown,113.585992776
cifar100,vnncomp2024_benchmarks/benchmarks/cifar100/onnx/CIFAR100_resnet_large.onnx,vnncomp2024_benchmarks/benchmarks/cifar100/vnnlib/CIFAR100_resnet_large_prop_idx_8800_sidx_3363_eps_0.0039.vnnlib,2.608621039,unsat,16.385181972
cifar100,vnncomp2024_benchmarks/benchmarks/cifar100/onnx/CIFAR100_resnet_large.onnx,vnncomp2024_benchmarks/benchmarks/cifar100/vnnlib/CIFAR100_resnet_large_prop_idx_1481_sidx_5343_eps_0.0039.vnnlib,2.585004819,unknown,112.883917092
cifar100,vnncomp2024_benchmarks/benchmarks/cifar100/onnx/CIFAR100_resnet_large.onnx,vnncomp2024_benchmarks/benchmarks/cifar100/vnnlib/CIFAR100_resnet_large_prop_idx_9686_sidx_6346_eps_0.0039.vnnlib,2.617160772,unknown,114.872727615
cifar100,vnncomp2024_benchmarks/benchmarks/cifar100/onnx/CIFAR100_resnet_large.onnx,vnncomp2024_benchmarks/benchmarks/cifar100/vnnlib/CIFAR100_resnet_large_prop_idx_9099_sidx_8444_eps_0.0039.vnnlib,2.606199469,sat,6.682645565
cifar100,vnncomp2024_benchmarks/benchmarks/cifar100/onnx/CIFAR100_resnet_large.onnx,vnncomp2024_benchmarks/benchmarks/cifar100/vnnlib/CIFAR100_resnet_large_prop_idx_8898_sidx_7094_eps_0.0039.vnnlib,2.579998598,unsat,16.052213806
cifar100,vnncomp2024_benchmarks/benchmarks/cifar100/onnx/CIFAR100_resnet_large.onnx,vnncomp2024_benchmarks/benchmarks/cifar100/vnnlib/CIFAR100_resnet_large_prop_idx_5339_sidx_9521_eps_0.0039.vnnlib,2.628115274,unknown,112.017291540
cifar100,vnncomp2024_benchmarks/benchmarks/cifar100/onnx/CIFAR100_resnet_large.onnx,vnncomp2024_benchmarks/benchmarks/cifar100/vnnlib/CIFAR100_resnet_large_prop_idx_7247_sidx_7033_eps_0.0039.vnnlib,2.579915576,unknown,110.473648986
cifar100,vnncomp2024_benchmarks/benchmarks/cifar100/onnx/CIFAR100_resnet_large.onnx,vnncomp2024_benchmarks/benchmarks/cifar100/vnnlib/CIFAR100_resnet_large_prop_idx_8480_sidx_3784_eps_0.0039.vnnlib,2.600923542,unsat,17.167678415
cifar100,vnncomp2024_benchmarks/benchmarks/cifar100/onnx/CIFAR100_resnet_large.onnx,vnncomp2024_benchmarks/benchmarks/cifar100/vnnlib/CIFAR100_resnet_large_prop_idx_723_sidx_7730_eps_0.0039.vnnlib,2.641960945,unsat,45.875650652
cifar100,vnncomp2024_benchmarks/benchmarks/cifar100/onnx/CIFAR100_resnet_large.onnx,vnncomp2024_benchmarks/benchmarks/cifar100/vnnlib/CIFAR100_resnet_large_prop_idx_841_sidx_8712_eps_0.0039.vnnlib,2.580325455,unsat,16.296521292
cifar100,vnncomp2024_benchmarks/benchmarks/cifar100/onnx/CIFAR100_resnet_large.onnx,vnncomp2024_benchmarks/benchmarks/cifar100/vnnlib/CIFAR100_resnet_large_prop_idx_6271_sidx_9342_eps_0.0039.vnnlib,2.601986724,unknown,114.771874196
cifar100,vnncomp2024_benchmarks/benchmarks/cifar100/onnx/CIFAR100_resnet_large.onnx,vnncomp2024_benchmarks/benchmarks/cifar100/vnnlib/CIFAR100_resnet_large_prop_idx_6258_sidx_69_eps_0.0039.vnnlib,2.625504555,unknown,112.883214005
cifar100,vnncomp2024_benchmarks/benchmarks/cifar100/onnx/CIFAR100_resnet_large.onnx,vnncomp2024_benchmarks/benchmarks/cifar100/vnnlib/CIFAR100_resnet_large_prop_idx_752_sidx_6315_eps_0.0039.vnnlib,2.642600254,unknown,111.679391825
cifar100,vnncomp2024_benchmarks/benchmarks/cifar100/onnx/CIFAR100_resnet_large.onnx,vnncomp2024_benchmarks/benchmarks/cifar100/vnnlib/CIFAR100_resnet_large_prop_idx_9424_sidx_7889_eps_0.0039.vnnlib,2.578817514,unknown,110.370676506
cifar100,vnncomp2024_benchmarks/benchmarks/cifar100/onnx/CIFAR100_resnet_large.onnx,vnncomp2024_benchmarks/benchmarks/cifar100/vnnlib/CIFAR100_resnet_large_prop_idx_5701_sidx_7560_eps_0.0039.vnnlib,2.570809890,unknown,115.371405454
cifar100,vnncomp2024_benchmarks/benchmarks/cifar100/onnx/CIFAR100_resnet_large.onnx,vnncomp2024_benchmarks/benchmarks/cifar100/vnnlib/CIFAR100_resnet_large_prop_idx_3472_sidx_9374_eps_0.0039.vnnlib,2.626113958,unsat,21.351263063
cifar100,vnncomp2024_benchmarks/benchmarks/cifar100/onnx/CIFAR100_resnet_large.onnx,vnncomp2024_benchmarks/benchmarks/cifar100/vnnlib/CIFAR100_resnet_large_prop_idx_9737_sidx_8927_eps_0.0039.vnnlib,2.589776577,unsat,56.710821097
cifar100,vnncomp2024_benchmarks/benchmarks/cifar100/onnx/CIFAR100_resnet_large.onnx,vnncomp2024_benchmarks/benchmarks/cifar100/vnnlib/CIFAR100_resnet_large_prop_idx_9073_sidx_5083_eps_0.0039.vnnlib,2.606999328,unknown,113.050115489
cifar100,vnncomp2024_benchmarks/benchmarks/cifar100/onnx/CIFAR100_resnet_large.onnx,vnncomp2024_benchmarks/benchmarks/cifar100/vnnlib/CIFAR100_resnet_large_prop_idx_988_sidx_1384_eps_0.0039.vnnlib,2.607498048,unknown,114.009690183
cifar100,vnncomp2024_benchmarks/benchmarks/cifar100/onnx/CIFAR100_resnet_large.onnx,vnncomp2024_benchmarks/benchmarks/cifar100/vnnlib/CIFAR100_resnet_large_prop_idx_2302_sidx_3657_eps_0.0039.vnnlib,2.619856480,unsat,16.524992440
cifar100,vnncomp2024_benchmarks/benchmarks/cifar100/onnx/CIFAR100_resnet_large.onnx,vnncomp2024_benchmarks/benchmarks/cifar100/vnnlib/CIFAR100_resnet_large_prop_idx_7397_sidx_9274_eps_0.0039.vnnlib,2.582072450,unsat,46.019213830
cifar100,vnncomp2024_benchmarks/benchmarks/cifar100/onnx/CIFAR100_resnet_large.onnx,vnncomp2024_benchmarks/benchmarks/cifar100/vnnlib/CIFAR100_resnet_large_prop_idx_8672_sidx_9364_eps_0.0039.vnnlib,2.609951249,unknown,115.271932806
cifar100,vnncomp2024_benchmarks/benchmarks/cifar100/onnx/CIFAR100_resnet_large.onnx,vnncomp2024_benchmarks/benchmarks/cifar100/vnnlib/CIFAR100_resnet_large_prop_idx_1751_sidx_4589_eps_0.0039.vnnlib,2.598882354,unsat,14.813650463
cifar100,vnncomp2024_benchmarks/benchmarks/cifar100/onnx/CIFAR100_resnet_large.onnx,vnncomp2024_benchmarks/benchmarks/cifar100/vnnlib/CIFAR100_resnet_large_prop_idx_4251_sidx_1755_eps_0.0039.vnnlib,2.593987232,sat,6.527249486
cifar100,vnncomp2024_benchmarks/benchmarks/cifar100/onnx/CIFAR100_resnet_large.onnx,vnncomp2024_benchmarks/benchmarks/cifar100/vnnlib/CIFAR100_resnet_large_prop_idx_1497_sidx_1922_eps_0.0039.vnnlib,2.600688960,unsat,16.536092535
cifar100,vnncomp2024_benchmarks/benchmarks/cifar100/onnx/CIFAR100_resnet_large.onnx,vnncomp2024_benchmarks/benchmarks/cifar100/vnnlib/CIFAR100_resnet_large_prop_idx_9928_sidx_428_eps_0.0039.vnnlib,2.576286781,unsat,46.213425114
cifar100,vnncomp2024_benchmarks/benchmarks/cifar100/onnx/CIFAR100_resnet_large.onnx,vnncomp2024_benchmarks/benchmarks/cifar100/vnnlib/CIFAR100_resnet_large_prop_idx_8502_sidx_2893_eps_0.0039.vnnlib,2.618034724,unknown,110.282800458
cifar100,vnncomp2024_benchmarks/benchmarks/cifar100/onnx/CIFAR100_resnet_large.onnx,vnncomp2024_benchmarks/benchmarks/cifar100/vnnlib/CIFAR100_resnet_large_prop_idx_1372_sidx_9800_eps_0.0039.vnnlib,2.574959084,sat,6.503068752
cifar100,vnncomp2024_benchmarks/benchmarks/cifar100/onnx/CIFAR100_resnet_large.onnx,vnncomp2024_benchmarks/benchmarks/cifar100/vnnlib/CIFAR100_resnet_large_prop_idx_7072_sidx_7470_eps_0.0039.vnnlib,2.587607632,unsat,111.463909829
cifar100,vnncomp2024_benchmarks/benchmarks/cifar100/onnx/CIFAR100_resnet_large.onnx,vnncomp2024_benchmarks/benchmarks/cifar100/vnnlib/CIFAR100_resnet_large_prop_idx_9097_sidx_7313_eps_0.0039.vnnlib,2.592454712,unsat,16.861649321
cifar100,vnncomp2024_benchmarks/benchmarks/cifar100/onnx/CIFAR100_resnet_large.onnx,vnncomp2024_benchmarks/benchmarks/cifar100/vnnlib/CIFAR100_resnet_large_prop_idx_9016_sidx_8318_eps_0.0039.vnnlib,2.607211514,unknown,110.798789443
cifar100,vnncomp2024_benchmarks/benchmarks/cifar100/onnx/CIFAR100_resnet_large.onnx,vnncomp2024_benchmarks/benchmarks/cifar100/vnnlib/CIFAR100_resnet_large_prop_idx_4320_sidx_8813_eps_0.0039.vnnlib,2.648591148,unsat,114.156561742
cifar100,vnncomp2024_benchmarks/benchmarks/cifar100/onnx/CIFAR100_resnet_large.onnx,vnncomp2024_benchmarks/benchmarks/cifar100/vnnlib/CIFAR100_resnet_large_prop_idx_7089_sidx_5353_eps_0.0039.vnnlib,2.638908030,unknown,109.070003657
cifar100,vnncomp2024_benchmarks/benchmarks/cifar100/onnx/CIFAR100_resnet_large.onnx,vnncomp2024_benchmarks/benchmarks/cifar100/vnnlib/CIFAR100_resnet_large_prop_idx_613_sidx_6258_eps_0.0039.vnnlib,2.605354905,unknown,109.108062586
cifar100,vnncomp2024_benchmarks/benchmarks/cifar100/onnx/CIFAR100_resnet_large.onnx,vnncomp2024_benchmarks/benchmarks/cifar100/vnnlib/CIFAR100_resnet_large_prop_idx_4758_sidx_7103_eps_0.0039.vnnlib,2.584772386,unsat,31.460795574
cifar100,vnncomp2024_benchmarks/benchmarks/cifar100/onnx/CIFAR100_resnet_large.onnx,vnncomp2024_benchmarks/benchmarks/cifar100/vnnlib/CIFAR100_resnet_large_prop_idx_4014_sidx_5124_eps_0.0039.vnnlib,2.615928301,unknown,109.697262772
cifar100,vnncomp2024_benchmarks/benchmarks/cifar100/onnx/CIFAR100_resnet_large.onnx,vnncomp2024_benchmarks/benchmarks/cifar100/vnnlib/CIFAR100_resnet_large_prop_idx_7218_sidx_5543_eps_0.0039.vnnlib,2.607440168,unknown,113.089691581
cifar100,vnncomp2024_benchmarks/benchmarks/cifar100/onnx/CIFAR100_resnet_large.onnx,vnncomp2024_benchmarks/benchmarks/cifar100/vnnlib/CIFAR100_resnet_large_prop_idx_9132_sidx_1053_eps_0.0039.vnnlib,2.585745394,unknown,110.003423202
cifar100,vnncomp2024_benchmarks/benchmarks/cifar100/onnx/CIFAR100_resnet_large.onnx,vnncomp2024_benchmarks/benchmarks/cifar100/vnnlib/CIFAR100_resnet_large_prop_idx_3498_sidx_1404_eps_0.0039.vnnlib,2.596755958,sat,6.561592365
cifar100,vnncomp2024_benchmarks/benchmarks/cifar100/onnx/CIFAR100_resnet_large.onnx,vnncomp2024_benchmarks/benchmarks/cifar100/vnnlib/CIFAR100_resnet_large_prop_idx_5994_sidx_4429_eps_0.0039.vnnlib,2.582927095,unsat,83.880223742
cifar100,vnncomp2024_benchmarks/benchmarks/cifar100/onnx/CIFAR100_resnet_large.onnx,vnncomp2024_benchmarks/benchmarks/cifar100/vnnlib/CIFAR100_resnet_large_prop_idx_2715_sidx_8690_eps_0.0039.vnnlib,2.635101392,unknown,114.534518471
cifar100,vnncomp2024_benchmarks/benchmarks/cifar100/onnx/CIFAR100_resnet_large.onnx,vnncomp2024_benchmarks/benchmarks/cifar100/vnnlib/CIFAR100_resnet_large_prop_idx_2750_sidx_1313_eps_0.0039.vnnlib,2.597666757,unknown,115.003820605
cifar100,vnncomp2024_benchmarks/benchmarks/cifar100/onnx/CIFAR100_resnet_large.onnx,vnncomp2024_benchmarks/benchmarks/cifar100/vnnlib/CIFAR100_resnet_large_prop_idx_1827_sidx_2176_eps_0.0039.vnnlib,2.617521843,sat,6.511626885
cifar100,vnncomp2024_benchmarks/benchmarks/cifar100/onnx/CIFAR100_resnet_large.onnx,vnncomp2024_benchmarks/benchmarks/cifar100/vnnlib/CIFAR100_resnet_large_prop_idx_9773_sidx_3718_eps_0.0039.vnnlib,2.592330219,sat,6.517964503
cifar100,vnncomp2024_benchmarks/benchmarks/cifar100/onnx/CIFAR100_resnet_large.onnx,vnncomp2024_benchmarks/benchmarks/cifar100/vnnlib/CIFAR100_resnet_large_prop_idx_2668_sidx_2652_eps_0.0039.vnnlib,2.622624768,unsat,17.932852669
cifar100,vnncomp2024_benchmarks/benchmarks/cifar100/onnx/CIFAR100_resnet_large.onnx,vnncomp2024_benchmarks/benchmarks/cifar100/vnnlib/CIFAR100_resnet_large_prop_idx_656_sidx_2209_eps_0.0039.vnnlib,2.611650023,unsat,61.341614281
cifar100,vnncomp2024_benchmarks/benchmarks/cifar100/onnx/CIFAR100_resnet_large.onnx,vnncomp2024_benchmarks/benchmarks/cifar100/vnnlib/CIFAR100_resnet_large_prop_idx_2717_sidx_551_eps_0.0039.vnnlib,2.615300898,unknown,114.066004201
cifar100,vnncomp2024_benchmarks/benchmarks/cifar100/onnx/CIFAR100_resnet_large.onnx,vnncomp2024_benchmarks/benchmarks/cifar100/vnnlib/CIFAR100_resnet_large_prop_idx_2061_sidx_3325_eps_0.0039.vnnlib,2.609842385,sat,6.492771528
cifar100,vnncomp2024_benchmarks/benchmarks/cifar100/onnx/CIFAR100_resnet_large.onnx,vnncomp2024_benchmarks/benchmarks/cifar100/vnnlib/CIFAR100_resnet_large_prop_idx_6808_sidx_4725_eps_0.0039.vnnlib,2.599206919,unknown,110.319794048
cifar100,vnncomp2024_benchmarks/benchmarks/cifar100/onnx/CIFAR100_resnet_large.onnx,vnncomp2024_benchmarks/benchmarks/cifar100/vnnlib/CIFAR100_resnet_large_prop_idx_392_sidx_3695_eps_0.0039.vnnlib,2.611190473,unsat,55.618131267
cifar100,vnncomp2024_benchmarks/benchmarks/cifar100/onnx/CIFAR100_resnet_large.onnx,vnncomp2024_benchmarks/benchmarks/cifar100/vnnlib/CIFAR100_resnet_large_prop_idx_5798_sidx_5258_eps_0.0039.vnnlib,2.575427223,unknown,111.722540748
cifar100,vnncomp2024_benchmarks/benchmarks/cifar100/onnx/CIFAR100_resnet_large.onnx,vnncomp2024_benchmarks/benchmarks/cifar100/vnnlib/CIFAR100_resnet_large_prop_idx_9299_sidx_5711_eps_0.0039.vnnlib,2.616304408,unknown,109.532911249
cifar100,vnncomp2024_benchmarks/benchmarks/cifar100/onnx/CIFAR100_resnet_large.onnx,vnncomp2024_benchmarks/benchmarks/cifar100/vnnlib/CIFAR100_resnet_large_prop_idx_3316_sidx_5822_eps_0.0039.vnnlib,2.614443535,unknown,112.623254694
cifar100,vnncomp2024_benchmarks/benchmarks/cifar100/onnx/CIFAR100_resnet_large.onnx,vnncomp2024_benchmarks/benchmarks/cifar100/vnnlib/CIFAR100_resnet_large_prop_idx_6995_sidx_9302_eps_0.0039.vnnlib,2.622106153,unknown,113.947659415
cifar100,vnncomp2024_benchmarks/benchmarks/test/test_nano.onnx,vnncomp2024_benchmarks/benchmarks/test/test_nano.vnnlib,2.217089203,unsat,8.977344195
